,Area,BHK,Bathroom,Locality,Price
0,800.0,3,2.0,Rohini Sector 25,6500000
1,750.0,2,2.0,"J R Designers Floors, Rohini Sector 24",5000000
2,950.0,2,2.0,other,15500000
3,600.0,2,2.0,Rohini Sector 24,4200000
4,650.0,2,2.0,other,6200000
5,1300.0,4,3.0,Rohini Sector 24,15500000
6,1350.0,4,3.0,Rohini Sector 24,10000000
7,650.0,2,2.0,other,4000000
8,985.0,3,3.0,other,6800000
9,1300.0,4,4.0,Rohini Sector 22,15000000
10,1100.0,3,2.0,Rohini Sector 20,6200000
11,870.0,3,2.0,Rohini Sector 25,7700000
12,630.0,2,2.0,Rohini Sector 24,5500000
13,660.0,2,2.0,Rohini Sector 24,5000000
14,344.4448,2,2.0,other,3310000
15,660.0,2,2.0,other,4700000
16,550.0,2,2.0,Rohini Sector 22,4500000
17,1100.0,4,3.0,other,17000000
18,1150.0,3,3.0,other,25000000
19,650.0,2,2.0,Rohini Sector 24,6000000
20,850.0,2,2.0,other,11000000
21,900.0,3,2.0,other,4500000
22,430.556,1,1.0,other,5300000
23,900.0,2,2.0,other,10500000
24,914.9315,2,2.0,other,12000000
25,1100.0,3,3.0,Rohini Sector 20,7000000
26,800.0,3,2.0,Rohini Sector 25,7000000
27,500.0,1,1.0,other,3400000
28,28.0,2,2.0,Rohini Sector 25,5000000
29,2160.0,4,4.0,other,21000000
31,800.0,2,2.0,Lajpat Nagar 1,15000000
32,900.0,2,2.0,Lajpat Nagar,10500000
33,1080.0,3,2.0,"Vikram Vihar, Lajpat Nagar",22500000
34,750.0,2,2.0,Lajpat Nagar 4,13600000
35,1450.0,3,3.0,Lajpat Nagar 3,30000000
36,900.0,2,2.0,Lajpat Nagar,13500000
37,810.0,2,2.0,other,8910000
38,1350.0,3,4.0,Lajpat Nagar,25000000
39,1710.0,3,3.0,Lajpat Nagar 2,26000000
40,1650.0,3,3.0,Lajpat Nagar,30000000
41,1280.0,2,2.0,Lajpat Nagar,12500000
42,1260.0,3,3.0,Lajpat Nagar 3,21000000
43,1130.0,2,2.0,Lajpat Nagar 4,7800000
44,600.0,2,2.0,"Amar Colony, Lajpat Nagar",11500000
45,850.0,2,2.0,Lajpat Nagar 1,11500000
46,1500.0,3,3.0,Lajpat Nagar 2,26000000
47,900.0,2,2.0,"Amar Colony, Lajpat Nagar",13000000
48,1000.0,3,3.0,"Vikram Vihar, Lajpat Nagar",22000000
49,900.0,2,2.0,Lajpat Nagar 2,15800000
50,2925.0,4,4.0,Lajpat Nagar 3,57500000
51,900.0,2,2.0,Lajpat Nagar 1,10000000
52,1600.0,3,3.0,Lajpat Nagar 3,30000000
53,1143.0,3,3.0,"Vikram Vihar, Lajpat Nagar",22000000
54,1150.0,3,3.0,"Vikram Vihar, Lajpat Nagar",24000000
55,1500.0,3,3.0,Lajpat Nagar 3,31500000
56,850.0,2,2.0,Lajpat Nagar 2,14600000
57,8000.0,4,5.0,Lajpat Nagar,240000000
58,890.0,2,2.0,Lajpat Nagar 1,8300000
59,1100.0,3,3.0,"Vikram Vihar, Lajpat Nagar",22500000
60,750.0,1,1.0,other,4600000
61,850.0,2,1.0,"Siddhartha Heights, Dwarka Sector 24",1900000
62,1350.0,3,2.0,"MTNL Employees House Welfare Society, Dwarka Sector 24",5130000
63,1387.0,4,4.0,"Delhi Homes Yojana, Dwarka Sector 24",5890000
64,1050.0,3,2.0,"The Elite Spire, Dwarka Sector 21",3700000
65,1500.0,3,2.0,"Kunj Vihar Apartment, Dwarka Sector 12",17400000
66,1200.0,3,3.0,"Ashirwad Apartments, Dwarka Sector 12",15500000
67,700.0,2,1.0,"MTNL Employees House Welfare Society, Dwarka Sector 24",2400000
68,1700.0,3,2.0,"Sunny Valley Apartments, Dwarka",17200000
69,1550.0,3,2.0,other,14200000
70,1400.0,3,3.0,"Chopra Apartment, Dwarka Sector 23",13500000
71,1900.0,4,4.0,other,30000000
72,2160.0,4,3.0,other,21000000
73,1700.0,4,3.0,other,20500000
74,1850.0,3,4.0,other,24000000
75,1800.0,4,2.0,other,16500000
76,1620.0,3,2.0,other,14900000
77,1800.0,4,3.0,other,19200000
78,1540.0,3,3.0,"Nav Kairali Apartment, Dwarka Sector 3",14500000
79,1600.0,3,3.0,"Ashirwad Apartments, Dwarka",15600000
80,1400.0,3,2.0,other,11400000
81,2300.0,4,4.0,other,31500000
82,1560.0,3,2.0,other,15800000
83,1500.0,3,3.0,other,16000000
84,1540.0,3,3.0,"Nav Kairali Apartment, Dwarka Sector 3",14500000
85,1050.0,2,2.0,other,10500000
86,1800.0,3,2.0,other,14800000
87,400.0,1,1.0,other,1850000
88,1150.0,3,2.0,other,6800000
89,1525.0,3,3.0,"Chopra Apartment, Dwarka Sector 23",14200000
90,900.0,1,1.0,Lajpat Nagar 3,8900000
91,1450.0,3,3.0,Lajpat Nagar 3,37500000
92,1450.0,3,3.0,Lajpat Nagar 3,30000000
93,1260.0,3,3.0,Lajpat Nagar 3,21000000
94,2925.0,4,4.0,Lajpat Nagar 3,57500000
95,1710.0,3,3.0,Lajpat Nagar 3,30000000
96,1600.0,3,3.0,Lajpat Nagar 3,30000000
97,1500.0,3,3.0,Lajpat Nagar 3,31500000
98,2200.0,3,3.0,Lajpat Nagar 3,30000000
99,1350.0,3,3.0,Lajpat Nagar 3,41500000
100,1710.0,3,3.0,Lajpat Nagar 3,24800000
101,1350.0,3,3.0,Lajpat Nagar 3,35000000
102,1500.0,3,3.0,Lajpat Nagar 3,40000000
103,2880.0,4,5.0,Lajpat Nagar 3,46000000
104,2700.0,4,4.0,Lajpat Nagar 3,55000000
105,1400.0,3,3.0,Lajpat Nagar 3,24500000
106,1800.0,3,3.0,Lajpat Nagar 3,24500000
107,1400.0,3,3.0,Lajpat Nagar 3,32500000
108,1000.0,2,2.0,Lajpat Nagar 3,20000000
109,8000.0,4,5.0,Lajpat Nagar,240000000
110,1000.0,2,2.0,Lajpat Nagar 3,20000000
111,1700.0,3,3.0,Lajpat Nagar 3,19000000
112,1600.0,3,3.0,Lajpat Nagar 3,26000000
113,1350.0,3,3.0,Lajpat Nagar 3,21000000
114,1700.0,3,3.0,Lajpat Nagar 3,27500000
115,1400.0,3,3.0,Lajpat Nagar 3,32500000
116,1450.0,3,3.0,Lajpat Nagar 3,45000000
117,1350.0,3,3.0,Lajpat Nagar 3,21000000
118,1700.0,3,3.0,Lajpat Nagar 3,28000000
119,1600.0,3,3.0,Lajpat Nagar 3,29500000
121,800.0,2,2.0,Lajpat Nagar 2,14000000
122,1710.0,3,3.0,Lajpat Nagar 2,26000000
123,1350.0,2,2.0,Lajpat Nagar 2,12500000
124,1500.0,3,3.0,Lajpat Nagar 2,26000000
125,750.0,2,2.0,"Vinoba Puri, Lajpat Nagar",11500000
126,850.0,2,2.0,Lajpat Nagar 2,14600000
127,1575.0,3,3.0,Lajpat Nagar 2,25500000
128,1675.0,3,3.0,Lajpat Nagar 2,31000000
129,1350.0,3,3.0,Lajpat Nagar 2,22000000
130,900.0,2,2.0,Lajpat Nagar 2,13400000
131,1800.0,3,3.0,Lajpat Nagar 2,35000000
132,900.0,2,2.0,Lajpat Nagar 2,11000000
133,900.0,2,2.0,"Vinoba Puri, Lajpat Nagar",6300000
134,900.0,2,2.0,Lajpat Nagar 2,12500000
135,800.0,2,2.0,Lajpat Nagar 2,14500000
136,1100.0,2,3.0,Lajpat Nagar 2,22500000
137,810.0,2,2.0,Lajpat Nagar 2,15500000
138,1500.0,3,3.0,Lajpat Nagar 2,26000000
139,900.0,2,2.0,Lajpat Nagar 2,15800000
140,825.0,2,2.0,Lajpat Nagar 2,15000000
141,900.0,2,2.0,Lajpat Nagar 2,13000000
142,875.0,2,2.0,Lajpat Nagar 2,15000000
143,1350.0,3,3.0,Lajpat Nagar 2,25000000
144,750.0,2,2.0,Lajpat Nagar 2,16500000
145,900.0,2,2.0,Lajpat Nagar 2,10300000
146,1350.0,3,3.0,Lajpat Nagar 2,26000000
147,900.0,2,2.0,Lajpat Nagar 2,11000000
148,1800.0,3,3.0,Lajpat Nagar 2,28500000
149,900.0,2,2.0,Lajpat Nagar 2,11000000
150,900.0,2,1.0,Budh Vihar,11000000
151,810.0,3,2.0,Budh Vihar,4500000
152,450.0,2,1.0,other,3600000
153,100.0,3,2.0,Budh Vihar Phase 1,4300000
154,900.0,3,2.0,Budh Vihar,4000000
155,500.0,2,2.0,Budh Vihar Phase 1,1650000
156,450.0,1,1.0,Budh Vihar,2000000
157,75.0,2,2.0,Budh Vihar,3000000
158,270.0,2,1.0,Budh Vihar Phase 1,1400000
159,500.0,2,1.0,Budh Vihar Phase 1,2000000
160,444.0,2,2.0,Budh Vihar Phase 1,2000000
161,400.0,1,1.0,Budh Vihar,2000000
162,729.0,3,4.0,Budh Vihar,2600000
163,4050.0,6,3.0,Budh Vihar Phase 1,5100000
164,2400.0,6,4.0,Budh Vihar Phase 2,6000000
165,450.0,2,2.0,Budh Vihar,4000000
166,405.0,2,3.0,Budh Vihar Phase 2,6200000
167,666.0,1,2.0,Budh Vihar Phase 1,3500000
168,1000.0,2,2.0,other,7600000
169,1360.0,4,3.0,Rohini Sector 24,13500000
170,1550.0,4,3.0,Rohini Sector 24,12500000
171,850.0,3,2.0,Rohini Sector 23,6500000
172,2170.0,4,4.0,Rohini Sector 23,22000000
173,720.0,3,2.0,Rohini Sector 23,6000000
174,850.0,3,2.0,Rohini Sector 23,7300000
175,950.0,3,2.0,Rohini Sector 23,7600000
176,2300.0,4,4.0,Rohini Sector 23,20000000
177,1300.0,4,4.0,Rohini Sector 22,15000000
178,1100.0,3,2.0,Rohini Sector 20,6200000
179,1030.0,3,2.0,Rohini Sector 20,6200000
180,350.0,1,1.0,other,2300000
181,750.0,2,2.0,"J R Designers Floors, Rohini Sector 24",5000000
182,720.0,2,2.0,"J R Designers Floors, Rohini Sector 24",4700000
183,800.0,2,2.0,"J R Designers Floors, Rohini Sector 24",5500000
184,350.0,1,1.0,"J R Designers Floors, Rohini Sector 24",2000000
185,980.0,3,2.0,"J R Designers Floors, Rohini Sector 24",7300000
186,1600.0,4,3.0,"J R Designers Floors, Rohini Sector 24",13000000
187,1450.0,3,3.0,"J R Designers Floors, Rohini Sector 24",11500000
188,445.0,2,2.0,"J R Designers Floors, Rohini Sector 24",2800000
189,380.0,1,1.0,"J R Designers Floors, Rohini Sector 24",2200000
190,680.0,2,2.0,"J R Designers Floors, Rohini Sector 24",4400000
191,1600.0,3,3.0,"J R Designers Floors, Rohini Sector 24",13500000
192,630.0,2,2.0,"J R Designers Floors, Rohini Sector 24",4100000
193,1500.0,3,2.0,"J R Designers Floors, Rohini Sector 24",12000000
194,550.0,2,2.0,"J R Designers Floors, Rohini Sector 24",3500000
195,2500.0,4,3.0,"J R Designers Floors, Rohini Sector 24",15000000
196,2800.0,5,4.0,"J R Designers Floors, Rohini Sector 24",17500000
197,300.0,1,1.0,"J R Designers Floors, Rohini Sector 24",1900000
198,800.0,3,2.0,"J R Designers Floors, Rohini Sector 24",5500000
199,1295.0,3,2.0,"J R Designers Floors, Rohini Sector 24",10000000
200,700.0,3,2.0,"J R Designers Floors, Rohini Sector 24",4700000
201,350.0,1,1.0,"J R Designers Floors, Rohini Sector 24",2400000
202,450.0,2,2.0,"J R Designers Floors, Rohini Sector 24",3800000
203,2200.0,4,4.0,"J R Designers Floors, Rohini Sector 24",23000000
204,2300.0,4,4.0,"J R Designers Floors, Rohini Sector 24",24500000
205,1150.0,3,2.0,"J R Designers Floors, Rohini Sector 24",10000000
206,800.0,3,2.0,"J R Designers Floors, Rohini Sector 24",5500000
207,850.0,3,2.0,"J R Designers Floors, Rohini Sector 24",7000000
208,720.0,3,2.0,"J R Designers Floors, Rohini Sector 24",6500000
209,4688.0,5,4.0,"The Leela Sky Villas, Patel Nagar",135000000
210,750.0,2,2.0,"J R Designers Floors, Rohini Sector 24",5000000
211,3901.0,4,4.0,"The Leela Sky Villas, Patel Nagar",93000000
212,950.0,3,2.0,"Uttam Nagar Floors, Uttam Nagar",4370000
213,1000.0,3,2.0,"Virat Residency, Dwarka Mor",4620000
214,850.0,2,1.0,"Siddhartha Heights, Dwarka Sector 24",1900000
215,2400.0,4,4.0,"Find Homes, Greater Kailash 2",70000000
216,1350.0,3,2.0,"MTNL Employees House Welfare Society, Dwarka Sector 24",5130000
217,540.0,2,2.0,"Adarsh Homes, Dwarka Mor",3000000
218,1387.0,4,4.0,"Delhi Homes Yojana, Dwarka Sector 24",5890000
219,540.0,2,2.0,"Kushwaha Homes, Uttam Nagar",3300000
220,976.0,2,2.0,"Godrej South Estate, Okhla",24900000
221,1050.0,3,2.0,"The Elite Spire, Dwarka Sector 21",3700000
222,2700.0,4,3.0,"APL Builder Floor, Greater Kailash 1",60000000
223,1500.0,3,2.0,"Kunj Vihar Apartment, Dwarka Sector 12",17400000
224,2900.0,5,5.0,Janakpuri Block A3,51000000
225,5025.0,5,6.0,Greater Kailash 2,170000000
226,1000.0,3,2.0,"Partap Homes, Bhagwati Vihar, Uttam Nagar",5510000
227,1135.0,3,3.0,"The Amaryllis, Karol Bagh",25000000
228,2306.0,3,3.0,"The Leela Sky Villas, Patel Nagar",57000000
229,850.0,2,2.0,"Diamond Heights Multi Estate, Najafgarh",2940000
230,1200.0,3,3.0,"Ashirwad Apartments, Dwarka Sector 12",15500000
231,1700.0,3,2.0,"Sunny Valley Apartments, Dwarka",17200000
232,1800.0,4,3.0,"Vasant Vihar Builder Floor, Vasant Vihar",55000000
233,1100.0,2,2.0,Vasant Kunj,15000000
234,22050.0,4,4.0,Greater Kailash 1,51000000
235,1550.0,4,3.0,Rohini Sector 24,13000000
236,1600.0,3,3.0,Greater Kailash 1,30000000
237,700.0,2,2.0,"Khanpur, Madangir",2400000
238,45.0,4,3.0,"Batla House, Okhla",5500000
239,3510.0,4,4.0,"Friends Colony West, New Friends Colony",45000000
240,4500.0,4,4.0,New Friends Colony,60000000
241,1800.0,4,4.0,New Friends Colony,65000000
242,6000.0,5,5.0,"Maharani Bagh, New Friends Colony",220000000
243,4300.0,4,4.0,other,60000000
244,1700.0,3,3.0,"Friends Colony East, New Friends Colony",38500000
245,2500.0,3,3.0,"Maharani Bagh, New Friends Colony",50000000
246,4500.0,4,4.0,New Friends Colony,75000000
247,2450.0,4,4.0,"Friends Colony West, New Friends Colony",70000000
248,10350.0,4,7.0,"Maharani Bagh, New Friends Colony",160000000
249,4800.0,3,4.0,"Maharani Bagh, New Friends Colony",85000000
250,1600.0,3,3.0,New Friends Colony,40000000
251,3500.0,4,4.0,New Friends Colony,90000000
252,2100.0,4,5.0,New Friends Colony,56000000
253,4200.0,5,5.0,"Friends Colony East, New Friends Colony",135500000
254,1500.0,3,3.0,New Friends Colony,60000000
255,8150.0,4,5.0,"Maharani Bagh, New Friends Colony",170000000
256,2200.0,4,4.0,other,50000000
257,3500.0,4,5.0,New Friends Colony,58000000
258,2070.0,3,3.0,"Friends Colony East, New Friends Colony",37500000
259,3500.0,3,3.0,"Maharani Bagh, New Friends Colony",45000000
260,2000.0,4,4.0,New Friends Colony,70000000
261,2800.0,6,4.0,other,29500000
262,2550.0,4,4.0,New Friends Colony,60000000
263,4500.0,4,4.0,New Friends Colony,70000000
264,1400.0,3,3.0,New Friends Colony,50000000
265,2800.0,4,5.0,New Friends Colony,75000000
266,2700.0,4,4.0,other,52500000
267,4500.0,4,4.0,New Friends Colony,55000000
268,7200.0,4,4.0,"Maharani Bagh, New Friends Colony",120000000
269,2799.0,4,4.0,"Kailash Colony, Greater Kailash",65000000
270,2650.0,4,4.0,"Kailash Colony, Greater Kailash",75000000
271,2200.0,4,4.0,"Kailash Colony, Greater Kailash",47500000
272,3500.0,5,5.0,"Kailash Colony, Greater Kailash",70000000
273,2200.0,4,4.0,"Kailash Colony, Greater Kailash",47500000
274,2200.0,4,4.0,"Kailash Colony, Greater Kailash",40000000
275,3500.0,4,4.0,"Kailash Colony, Greater Kailash",85000000
276,1440.0,3,3.0,"Kailash Colony, Greater Kailash",26000000
277,3150.0,4,4.0,"Kailash Colony, Greater Kailash",35000000
278,900.0,2,2.0,"Kailash Colony, Greater Kailash",20000000
279,3690.0,4,5.0,"Kailash Colony, Greater Kailash",79000000
280,1200.0,3,2.0,"Kailash Colony, Greater Kailash",17000000
281,4500.0,4,4.0,"Kailash Colony, Greater Kailash",47500000
282,2799.0,4,4.0,"Kailash Colony, Greater Kailash",43000000
283,1350.0,3,3.0,"Kailash Colony, Greater Kailash",26000000
284,1200.0,3,3.0,"Kailash Colony, Greater Kailash",25000000
285,2177.0,4,5.0,"Kailash Colony, Greater Kailash",51000000
286,1500.0,3,3.0,"Kailash Colony, Greater Kailash",40000000
287,1600.0,3,3.0,"Kailash Colony, Greater Kailash",22500000
288,4500.0,4,4.0,"Kailash Colony, Greater Kailash",70000000
289,2150.0,4,4.0,"Kailash Colony, Greater Kailash",45000000
290,2107.0,4,4.0,"Kailash Colony, Greater Kailash",51100000
291,1150.0,3,3.0,"Kailash Colony, Greater Kailash",25500000
292,1240.0,3,3.0,"Kailash Colony, Greater Kailash",26500000
293,1000.0,2,2.0,"Kailash Colony, Greater Kailash",15000000
294,4500.0,4,4.0,"Kailash Colony, Greater Kailash",55000000
295,1150.0,3,3.0,"Kailash Colony, Greater Kailash",26000000
296,2000.0,4,4.0,"Kailash Colony, Greater Kailash",38000000
297,4500.0,4,5.0,"Kailash Colony, Greater Kailash",72500000
298,3000.0,4,5.0,"Kailash Colony, Greater Kailash",65000000
299,700.0,2,2.0,"Ram Nagar, Shahdara",4600000
300,750.0,2,2.0,other,9200000
301,1350.0,4,3.0,"Hans Apartments, Vishwas Nagar, Shahdara",9500000
302,900.0,2,2.0,"Naveen Shahdara, Shahdara",4500000
303,970.0,3,2.0,"Balbir Nagar, Shahdara",6500000
304,1000.0,3,2.0,other,5650000
305,1425.0,3,3.0,"Naveen Shahdara, Shahdara",9300000
306,440.0,2,2.0,Shahdara,2700000
307,1017.0,2,2.0,other,6500000
308,650.0,2,2.0,other,5800000
309,950.0,3,2.0,Shahdara,5500000
310,810.0,3,2.0,"Yamuna Vihar, Shahdara",6000000
311,750.0,2,2.0,"Balbir Nagar, Shahdara",4500000
312,990.0,2,2.0,Shahdara,4100000
313,800.0,3,2.0,"Ram Nagar, Shahdara",3800000
314,675.0,2,1.0,Shahdara,3300000
315,558.0,2,1.0,other,2900000
316,445.0,2,1.0,"Ram Nagar Extension, Shahdara",2000000
317,360.0,2,1.0,other,1550000
318,1350.0,4,3.0,"Mansarowar Park, Shahdara",11300000
319,850.0,3,2.0,other,4500000
320,846.0,2,1.0,other,3300000
321,1300.0,4,3.0,"Mansarowar Park, Shahdara",11500000
322,900.0,3,2.0,"Ram Nagar Extension, Shahdara",6000000
323,1050.0,3,2.0,"Hans Apartments, Vishwas Nagar, Shahdara",9000000
324,850.0,2,2.0,"Jyoti Colony, Shahdara",4500000
325,1650.0,4,3.0,Shahdara,14000000
326,1150.0,2,2.0,other,7300000
327,495.1394,1,1.0,Shahdara,1900000
328,1053.0,3,2.0,"Naveen Shahdara, Shahdara",7000000
329,810.0,3,2.0,"Yamuna Vihar, Shahdara",6000000
330,750.0,1,2.0,"Yamuna Vihar, Shahdara",6400000
331,540.0,2,1.0,"Yamuna Vihar, Shahdara",2700000
332,747.0,2,2.0,"Yamuna Vihar, Shahdara",6500000
333,720.0,2,1.0,"Yamuna Vihar, Shahdara",4000000
334,376.7365,1,1.0,"Yamuna Vihar, Shahdara",3000000
335,1125.0,2,2.0,"Yamuna Vihar, Shahdara",5000000
336,713.0,2,2.0,"Yamuna Vihar, Shahdara",6000000
337,360.0,1,1.0,"Yamuna Vihar, Shahdara",2500000
338,900.0,2,2.0,"Yamuna Vihar, Shahdara",6500000
339,713.0,3,1.0,"Yamuna Vihar, Shahdara",8000000
340,504.0,2,1.0,"Yamuna Vihar, Shahdara",2700000
341,70.0,1,2.0,"Yamuna Vihar, Shahdara",4500000
342,850.0,3,2.0,"Yamuna Vihar, Shahdara",5700000
343,2430.0,4,3.0,"Yamuna Vihar, Shahdara",25000000
344,2475.0,3,3.0,"Yamuna Vihar, Shahdara",70000000
345,2970.0,7,4.0,"Yamuna Vihar, Shahdara",26500000
346,2250.0,3,2.0,"Yamuna Vihar, Shahdara",18500000
347,1500.0,5,3.0,"Yamuna Vihar, Shahdara",30000000
348,1512.0,2,2.0,"Yamuna Vihar, Shahdara",22000000
349,400.0,2,2.0,other,9000000
350,2160.0,3,3.0,"Yamuna Vihar, Shahdara",65000000
351,630.0,3,2.0,"Yamuna Vihar, Shahdara",22500000
352,324.0,6,3.0,"Yamuna Vihar, Shahdara",8700000
353,720.0,6,5.0,"Yamuna Vihar, Shahdara",22000000
354,675.0,4,2.0,"Yamuna Vihar, Shahdara",18500000
355,700.0,2,1.0,"Yamuna Vihar, Shahdara",16000000
356,675.0,4,3.0,"Yamuna Vihar, Shahdara",16000000
357,720.0,4,2.0,"Yamuna Vihar, Shahdara",9000000
358,850.0,2,2.0,"Jyoti Colony, Shahdara",4500000
359,801.0,3,2.0,Laxmi Nagar,6000000
360,450.0,1,2.0,Laxmi Nagar,2700000
361,1000.0,3,2.0,Laxmi Nagar,6500000
362,990.0,3,2.0,Laxmi Nagar,4000000
363,420.0,2,1.0,Laxmi Nagar,2600000
364,450.0,2,1.0,Laxmi Nagar,3500000
365,1000.0,2,2.0,Laxmi Nagar,7500000
366,900.0,3,2.0,Laxmi Nagar,7000000
367,800.0,3,2.0,Laxmi Nagar,4500000
368,720.0,3,3.0,Laxmi Nagar,5500000
369,450.0,2,1.0,Laxmi Nagar,2700000
370,675.0,2,2.0,Laxmi Nagar,2400000
371,1700.0,4,3.0,Laxmi Nagar,11500000
372,550.0,2,2.0,"Guru Angad Nagar West, Laxmi Nagar",3600000
373,387.0,1,2.0,"Guru Angad Nagar West, Laxmi Nagar",1700000
374,450.0,2,1.0,"Lalita Park, Laxmi Nagar",2500000
375,900.0,4,2.0,Laxmi Nagar,6600000
376,500.0,2,1.0,Laxmi Nagar,3700000
377,441.0,2,1.0,other,3500000
378,800.0,3,2.0,"Lalita Park, Laxmi Nagar",5400000
379,450.0,2,2.0,other,2550000
380,1000.0,3,3.0,other,12500000
381,715.0,2,2.0,Laxmi Nagar,5600000
382,600.0,2,2.0,Laxmi Nagar,7000000
383,540.0,2,1.0,Laxmi Nagar,3500000
384,312.0,4,4.0,other,35000000
385,810.0,3,2.0,Laxmi Nagar,9000000
386,270.0,1,1.0,"Guru Angad Nagar West, Laxmi Nagar",2300000
387,900.0,3,2.0,Laxmi Nagar,6000000
388,1000.0,3,2.0,Laxmi Nagar,6000000
389,540.0,2,2.0,Uttam Nagar,2650000
390,950.0,3,2.0,"Uttam Nagar Floors, Uttam Nagar",4370000
391,1000.0,3,2.0,"Virat Residency, Dwarka Mor",4620000
392,540.0,2,2.0,"Adarsh Homes, Dwarka Mor",3000000
393,540.0,2,2.0,"Kushwaha Homes, Uttam Nagar",3300000
394,1000.0,3,2.0,"Partap Homes, Bhagwati Vihar, Uttam Nagar",5510000
395,500.0,2,2.0,Dwarka Mor,3200000
396,540.0,2,2.0,Uttam Nagar West,2600000
397,780.0,3,2.0,Uttam Nagar,4000000
398,450.0,2,1.0,Uttam Nagar West,1850000
399,360.0,1,1.0,Uttam Nagar,1700000
400,900.0,3,2.0,"SB Residency, Dwarka Mor",2800000
401,495.0,2,2.0,Uttam Nagar West,2150000
402,1200.0,4,3.0,"SB Residency, Dwarka Mor",6800000
403,1000.0,3,2.0,Uttam Nagar,6200000
404,620.0,2,2.0,Uttam Nagar,3100000
405,680.0,3,2.0,Dwarka Mor,3400000
406,805.0,2,2.0,other,4000000
407,729.0,2,2.0,other,4800000
408,540.0,2,2.0,Uttam Nagar,2500000
409,360.0,1,1.0,Uttam Nagar,2000000
410,550.0,2,2.0,Uttam Nagar West,1900000
411,1001.0,3,2.0,other,5800000
412,450.0,2,2.0,Dwarka Mor,2900000
413,550.0,2,1.0,Uttam Nagar West,2000000
414,550.0,2,2.0,other,2600000
415,675.0,2,1.0,Uttam Nagar,2900000
416,585.0,2,2.0,Uttam Nagar,3200000
417,810.0,3,2.0,other,5400000
418,765.0,3,2.0,Dwarka Mor,3800000
419,4688.0,5,4.0,"The Leela Sky Villas, Patel Nagar",135000000
420,3901.0,4,4.0,"The Leela Sky Villas, Patel Nagar",93000000
421,70.0,2,3.0,other,8200000
422,800.0,3,2.0,Patel Nagar West,8000000
423,900.0,3,2.0,Patel Nagar West,9500000
424,1680.0,4,5.0,Patel Nagar West,20000000
425,900.0,2,2.0,Patel Nagar West,7400000
426,2000.0,3,3.0,"Patel Nagar East, Patel Nagar",37500000
427,2000.0,4,4.0,Patel Nagar West,15000000
428,1900.0,3,3.0,"The Leela Sky Villas, Patel Nagar",55300000
429,1530.0,3,3.0,"Patel Nagar East, Patel Nagar",26500000
430,100.0,3,2.0,"Patel Nagar East, Patel Nagar",16000000
431,900.0,3,2.0,Patel Nagar West,10400000
432,270.0,1,1.0,Patel Nagar West,1700000
433,950.0,2,2.0,Patel Nagar West,8000000
434,1800.0,3,3.0,"Patel Nagar East, Patel Nagar",27000000
435,1500.0,3,3.0,Patel Nagar West,19500000
436,1800.0,3,3.0,"Patel Nagar East, Patel Nagar",50000000
437,1800.0,3,3.0,Patel Nagar West,21100000
438,2306.0,3,3.0,"The Leela Sky Villas, Patel Nagar",57000000
439,850.0,2,3.0,Patel Nagar West,5900000
440,140.0,3,2.0,other,12000000
441,900.0,3,2.0,Patel Nagar West,12000000
442,1800.0,3,3.0,Patel Nagar West,24000000
443,200.0,1,1.0,"Patel Nagar East, Patel Nagar",7000000
444,1782.0,3,3.0,"Patel Nagar East, Patel Nagar",15000000
445,900.0,2,2.0,"Baljit Nagar, Patel Nagar",1500000
446,405.0,2,1.0,Patel Nagar West,3950000
447,1500.0,3,3.0,Patel Nagar West,12500000
448,66.0,3,1.0,"Baljit Nagar, Patel Nagar",1600000
449,2000.0,4,4.0,other,36500000
450,1200.0,3,2.0,other,20000000
451,1100.0,2,2.0,Vasant Kunj,15000000
452,1400.0,3,2.0,Vasant Kunj,25000000
453,1600.0,3,2.0,"DDA Flats Vasant Kunj, Vasant Kunj",18500000
454,1600.0,4,3.0,other,23500000
455,600.0,1,1.0,Vasant Kunj,8000000
456,1600.0,3,2.0,other,23000000
457,2000.0,3,3.0,"DDA Flats Vasant Kunj, Vasant Kunj",31000000
458,650.0,1,2.0,"DDA Flats Sector E Pocket 1, Vasant Kunj",7400000
459,1100.0,2,2.0,Vasant Kunj,15500000
460,1075.0,2,2.0,"DDA Flats Sector E Pocket 1, Vasant Kunj",12000000
461,1450.0,3,2.0,other,23500000
462,1200.0,3,2.0,other,25000000
463,600.0,1,2.0,other,7000000
464,1000.0,2,2.0,"DDA Flats Vasant Kunj, Vasant Kunj",17500000
465,1600.0,3,2.0,"Ganga Apartment Sector D Pocket 6, Vasant Kunj",25000000
466,1750.0,4,4.0,Vasant Kunj Sector C,29000000
467,1300.0,3,3.0,"DDA Flats Sector E Pocket 1, Vasant Kunj",21900000
468,550.0,1,2.0,other,7500000
469,2200.0,4,3.0,other,23500000
470,1100.0,2,2.0,Vasant Kunj Sector C,24000000
471,1700.0,3,2.0,Vasant Kunj,31000000
472,1100.0,2,2.0,Vasant Kunj,16500000
473,1000.0,2,2.0,other,5000000
474,1350.0,3,2.0,other,24000000
475,1184.0,2,2.0,"Ganga Apartment Sector D Pocket 6, Vasant Kunj",17000000
476,2000.0,4,2.0,other,40000000
477,3500.0,4,4.0,Vasant Kunj,22500000
478,900.0,3,3.0,Vasant Kunj,20000000
479,4688.0,5,4.0,"The Leela Sky Villas, Patel Nagar",135000000
480,750.0,2,2.0,"J R Designers Floors, Rohini Sector 24",5000000
481,3901.0,4,4.0,"The Leela Sky Villas, Patel Nagar",93000000
482,950.0,3,2.0,"Uttam Nagar Floors, Uttam Nagar",4370000
483,1000.0,3,2.0,"Virat Residency, Dwarka Mor",4620000
484,850.0,2,1.0,"Siddhartha Heights, Dwarka Sector 24",1900000
485,2400.0,4,4.0,"Find Homes, Greater Kailash 2",70000000
486,1350.0,3,2.0,"MTNL Employees House Welfare Society, Dwarka Sector 24",5130000
487,540.0,2,2.0,"Adarsh Homes, Dwarka Mor",3000000
488,1387.0,4,4.0,"Delhi Homes Yojana, Dwarka Sector 24",5890000
489,540.0,2,2.0,"Kushwaha Homes, Uttam Nagar",3300000
490,976.0,2,2.0,"Godrej South Estate, Okhla",24900000
491,1050.0,3,2.0,"The Elite Spire, Dwarka Sector 21",3700000
492,2700.0,4,3.0,"APL Builder Floor, Greater Kailash 1",60000000
493,1500.0,3,2.0,"Kunj Vihar Apartment, Dwarka Sector 12",17400000
494,2900.0,5,5.0,Janakpuri Block A3,51000000
495,5025.0,5,6.0,Greater Kailash 2,170000000
496,1000.0,3,2.0,"Partap Homes, Bhagwati Vihar, Uttam Nagar",5510000
497,1135.0,3,3.0,"The Amaryllis, Karol Bagh",25000000
498,2306.0,3,3.0,"The Leela Sky Villas, Patel Nagar",57000000
499,850.0,2,2.0,"Diamond Heights Multi Estate, Najafgarh",2940000
500,1200.0,3,3.0,"Ashirwad Apartments, Dwarka Sector 12",15500000
501,1700.0,3,2.0,"Sunny Valley Apartments, Dwarka",17200000
502,1800.0,4,3.0,"Vasant Vihar Builder Floor, Vasant Vihar",55000000
503,1100.0,2,2.0,Vasant Kunj,15000000
504,22050.0,4,4.0,Greater Kailash 1,51000000
505,1550.0,4,3.0,Rohini Sector 24,13000000
506,1600.0,3,3.0,Greater Kailash 1,30000000
507,700.0,2,2.0,"Khanpur, Madangir",2400000
508,45.0,4,3.0,"Batla House, Okhla",5500000
509,450.0,2,2.0,"Gandhi Nagar, Shahdara",2900000
510,540.0,5,2.0,"Gandhi Nagar, Shahdara",17000000
511,1350.0,3,3.0,"Gandhi Nagar, Shahdara",25000000
512,2250.0,3,2.0,"Gandhi Nagar, Shahdara",10000000
513,1250.0,2,1.0,other,7500000
514,504.0,3,1.0,"Seelampur, Shahdara",3600000
515,65.0,3,2.0,other,35000000
516,450.0,2,1.0,"Seelampur, Shahdara",6000000
517,1800.0,4,2.0,other,17500000
518,1800.0,4,3.0,other,35000000
519,1530.0,5,2.0,other,10200000
520,1750.0,4,4.0,Vasant Kunj Sector C,29000000
521,2210.0,4,3.0,"Sukhdev Vihar, Okhla",41000000
522,760.0,3,2.0,Geeta Colony,6000000
523,400.0,2,1.0,other,2500000
524,380.0,1,1.0,Geeta Colony,2200000
525,904.1676,2,2.0,other,21500000
526,900.0,4,1.0,"Shastri Park, Shahdara",15000000
527,810.0,5,6.0,Geeta Colony,28900000
528,100.0,3,2.0,Geeta Colony,5500000
529,50.0,2,1.0,"Shastri Park, Shahdara",1950000
530,58.0,2,1.0,Geeta Colony,3800000
531,900.0,2,1.0,other,6200000
532,1650.0,4,3.0,Shahdara,14000000
533,1000.0,2,2.0,Laxmi Nagar,7500000
534,852.0,2,2.0,other,2670000
535,700.0,2,2.0,Shahdara,2500000
536,990.0,3,2.0,Laxmi Nagar,4000000
537,450.0,2,1.0,Laxmi Nagar,3500000
538,1000.0,2,2.0,Laxmi Nagar,5000000
539,1700.0,4,3.0,Saket,29500000
540,1350.0,3,2.0,other,19000000
541,2100.0,4,3.0,Saket,25500000
542,2600.0,4,4.0,Saket,75000000
543,3000.0,4,5.0,Saket,75000000
544,1450.0,3,3.0,"RWA Flats, Saket",34000000
545,2050.0,4,4.0,Saket,47500000
546,3000.0,4,5.0,other,75000000
547,1800.0,3,3.0,other,23000000
548,900.0,3,2.0,"Press Enclave Society, Saket",24000000
549,1500.0,3,2.0,"RWA Flats, Saket",21500000
550,1500.0,3,2.0,Saket,28500000
551,1800.0,4,4.0,other,12500000
552,1674.0,3,3.0,Saket,45000000
553,2025.0,4,3.0,Saket,30500000
554,1300.0,3,3.0,Saket,22500000
555,990.0,3,3.0,"Press Enclave Society, Saket",28000000
556,2100.0,3,4.0,Saket,25000000
557,2250.0,4,4.0,Saket,33700000
558,1500.0,3,3.0,Saket,27000000
559,2700.0,4,4.0,Saket,43500000
560,1700.0,3,3.0,"RWA Flats, Saket",29000000
561,1700.0,3,3.0,Saket,30000000
562,2050.0,4,4.0,Saket,52100000
563,1800.0,3,3.0,Saket,32500000
564,1500.0,3,2.0,Saket,20500000
565,2000.0,4,3.0,Saket,25000000
566,1500.0,3,3.0,Saket,30000000
567,24300.0,4,5.0,Saket,51000000
568,2475.0,4,4.0,Saket,31000000
569,1800.0,3,3.0,Safdarjung Enclave,37500000
570,1300.0,3,3.0,"Arjun Nagar, Safdarjung Enclave",32500000
571,1500.0,3,3.0,Safdarjung Enclave,37500000
572,2100.0,4,4.0,Safdarjung Enclave,55000000
573,1800.0,4,4.0,Safdarjung Enclave,87500000
574,1100.0,2,2.0,Safdarjung Enclave,16300000
575,2035.0,4,4.0,Safdarjung Enclave,65000000
576,1100.0,3,3.0,other,25000000
577,1550.0,3,3.0,Safdarjung Enclave,38000000
578,700.0,2,2.0,Safdarjung Enclave,15000000
579,150.0,2,1.0,"Arjun Nagar, Safdarjung Enclave",2000000
580,540.0,1,1.0,"Arjun Nagar, Safdarjung Enclave",3000000
581,810.0,2,2.0,Krishna Nagar-Safdarjung Enclave,8500000
582,3250.0,4,4.0,other,55000000
583,1600.0,3,3.0,Safdarjung Enclave,22500000
584,4000.0,4,4.0,Safdarjung Enclave,72500000
585,5500.0,6,7.0,Safdarjung Enclave,160000000
586,900.0,3,3.0,Krishna Nagar-Safdarjung Enclave,12500000
587,972.0,2,2.0,Safdarjung Enclave,17000000
588,4150.0,4,4.0,Safdarjung Enclave,82500000
589,2250.0,4,5.0,Safdarjung Enclave,55000000
590,1650.0,3,3.0,Safdarjung Enclave,35000000
591,2610.0,4,4.0,other,42500000
592,600.0,2,2.0,"Arjun Nagar, Safdarjung Enclave",4700000
593,1700.0,4,5.0,Safdarjung Enclave,52500000
594,2250.0,4,4.0,Safdarjung Enclave,80000000
595,880.0,3,2.0,"Arjun Nagar, Safdarjung Enclave",11000000
596,4200.0,4,5.0,Safdarjung Enclave,74000000
597,1450.0,3,3.0,other,37500000
598,2200.0,4,4.0,other,52500000
599,1620.0,3,3.0,other,26000000
600,1078.0,3,2.0,Paschim Vihar,15500000
601,1710.0,3,3.0,"Pushkar Enclave, Paschim Vihar",22000000
602,1150.0,3,3.0,other,21000000
603,450.0,2,2.0,"Paschimpuri, Paschim Vihar",5000000
604,1818.0,3,3.0,Paschim Vihar,22000000
605,1800.0,3,2.0,Paschim Vihar Block B4,26500000
606,780.0,2,2.0,other,8770000
607,405.0,1,1.0,other,4500000
608,900.0,2,3.0,Paschim Vihar,8500000
609,807.2925,2,2.0,other,8600000
610,2700.0,4,3.0,"Guru Harikishan Nagar, Paschim Vihar",42500000
611,1100.0,3,2.0,Paschim Vihar,13100000
612,585.0,2,2.0,"Paschimpuri, Paschim Vihar",7000000
613,2152.78,3,3.0,other,30000000
614,960.0,2,2.0,other,13000000
615,1800.0,4,3.0,other,23100000
616,1100.0,3,2.0,Paschim Vihar,16000000
617,900.0,2,2.0,Paschim Vihar,12500000
618,1620.0,3,3.0,other,24500000
619,378.0,1,1.0,"Paschimpuri, Paschim Vihar",3200000
620,800.0,3,2.0,other,6300000
621,1350.0,3,3.0,"Pushkar Enclave, Paschim Vihar",15000000
622,850.0,3,3.0,other,5700000
623,1580.0,3,2.0,other,21000000
624,820.0,2,3.0,Paschim Vihar,7500000
625,594.0,2,1.0,other,6500000
626,14220.0,3,3.0,Paschim Vihar Block B4,27500000
627,800.0,3,2.0,"Guru Harikishan Nagar, Paschim Vihar",12000000
628,1500.0,3,2.0,other,18000000
629,1600.0,3,3.0,"Ashirwad Apartments, Dwarka",15600000
630,1650.0,3,3.0,"Rajasthan Apartment, Aashirwaad Chowk, Dwarka",15500000
631,1600.0,3,3.0,"Rajasthan Apartment, Aashirwaad Chowk, Dwarka",15200000
632,1900.0,3,3.0,other,25000000
633,1400.0,3,2.0,other,15000000
634,1550.0,3,2.0,other,15800000
635,2000.0,4,3.0,other,31500000
636,1500.0,3,3.0,"Bank Apartments, Aashirwaad Chowk, Dwarka",14000000
637,1550.0,3,2.0,"Aashirwaad Chowk, Dwarka",13200000
638,1600.0,3,2.0,"Bank Apartments, Aashirwaad Chowk, Dwarka",15800000
639,1600.0,3,3.0,other,16200000
640,1800.0,3,2.0,other,15500000
641,1470.0,3,2.0,"Aashirwaad Chowk, Dwarka",14500000
642,1500.0,3,2.0,"Aashirwaad Chowk, Dwarka",14900000
643,1750.0,3,3.0,"Green Heavens Apartment, Aashirwaad Chowk, Dwarka",17200000
644,1650.0,3,3.0,other,18000000
645,1850.0,3,2.0,"Aashirwaad Chowk, Dwarka",15500000
646,1480.0,3,2.0,"Bank Apartments, Aashirwaad Chowk, Dwarka",15800000
647,1214.0,2,2.0,other,12600000
648,1380.0,3,2.0,"Aashirwaad Chowk, Dwarka",15000000
649,1600.0,4,2.0,other,19500000
650,1585.0,3,3.0,other,16600000
651,1700.0,3,3.0,"Aashirwaad Chowk, Dwarka",17200000
652,1200.0,2,2.0,other,13000000
653,1800.0,4,3.0,other,16500000
654,1000.0,2,2.0,other,10700000
655,1500.0,3,2.0,other,16200000
656,1700.0,3,2.0,"Green Heavens Apartment, Aashirwaad Chowk, Dwarka",16500000
657,1750.0,3,2.0,other,14900000
658,2700.0,4,3.0,other,27500000
659,3050.0,5,6.0,Commonwealth Games Village 2010,62500000
660,3405.0,5,5.0,"Common Wealth Games Village, Commonwealth Games Village 2010",70000000
661,1500.0,3,3.0,Commonwealth Games Village 2010,35500000
662,2105.0,3,3.0,"Common Wealth Games Village, Commonwealth Games Village 2010",42100000
663,2500.0,4,5.0,"Project Commonwealth Games Village 2010, Akshardham Temple",42500000
664,2090.0,3,4.0,"Common Wealth Games Village, Commonwealth Games Village 2010",44000000
665,2525.0,4,5.0,"Project Commonwealth Games Village 2010, Commonwealth Games Village 2010",43200000
666,2500.0,4,4.0,"Project Commonwealth Games Village 2010, Commonwealth Games Village 2010",52500000
667,2100.0,3,4.0,"Common Wealth Games Village, Commonwealth Games Village 2010",34300000
668,2022.0,3,3.0,"Project Commonwealth Games Village 2010, Akshardham Temple",38000000
669,2650.0,4,5.0,Commonwealth Games Village 2010,52500000
670,1850.0,3,3.0,"Common Wealth Games Village, Commonwealth Games Village 2010",37500000
671,2100.0,3,3.0,"Common Wealth Games Village, Commonwealth Games Village 2010",37000000
672,1700.0,3,4.0,Commonwealth Games Village 2010,40000000
673,2105.0,3,3.0,"Common Wealth Games Village, Commonwealth Games Village 2010",36200000
674,1250.0,2,3.0,"Common Wealth Games Village, Commonwealth Games Village 2010",29000000
675,2552.0,4,5.0,"Project Commonwealth Games Village 2010, Commonwealth Games Village 2010",42500000
676,3112.0,5,6.0,Commonwealth Games Village 2010,60000000
677,2125.0,3,3.0,"Project Commonwealth Games Village 2010, Commonwealth Games Village 2010",36500000
678,2065.0,3,4.0,"Common Wealth Games Village, Commonwealth Games Village 2010",42500000
679,3405.0,5,4.0,"Common Wealth Games Village, Commonwealth Games Village 2010",71500000
680,3050.0,5,5.0,"Common Wealth Games Village, Commonwealth Games Village 2010",65000000
681,2300.0,5,6.0,"Common Wealth Games Village, Commonwealth Games Village 2010",58000000
682,1455.0,2,2.0,Commonwealth Games Village 2010,27500000
683,3400.0,5,5.0,"Project Commonwealth Games Village 2010, Commonwealth Games Village 2010",70000000
684,3100.0,5,5.0,"Common Wealth Games Village, Commonwealth Games Village 2010",65000000
685,1400.0,2,3.0,"Common Wealth Games Village, Commonwealth Games Village 2010",28600000
686,2126.0,3,3.0,"Common Wealth Games Village, Commonwealth Games Village 2010",39000000
687,1815.0,3,3.0,Commonwealth Games Village 2010,32500000
688,1700.0,3,3.0,"Project Commonwealth Games Village 2010, Commonwealth Games Village 2010",34000000
689,700.0,2,2.0,Alaknanda,16500000
690,980.0,2,2.0,"Shivalik Apartments, Alaknanda",13800000
691,1350.0,3,3.0,"Narmada Apartment, Alaknanda",21000000
692,1800.0,3,3.0,"Gangotri Enclave, Alaknanda",22500000
693,968.751,2,2.0,"Aravali Apartments, Alaknanda",15000000
694,1250.0,3,3.0,"Narmada Apartment, Alaknanda",20000000
695,1800.0,3,3.0,"Aravali Apartments, Alaknanda",20000000
696,1400.0,3,2.0,"Shivalik Apartments, Alaknanda",26000000
697,1000.0,3,3.0,"Narmada Apartment, Alaknanda",19500000
698,1800.0,4,2.0,"Tara Apartment, Alaknanda",21500000
699,1500.0,3,3.0,Alaknanda,26500000
700,1600.0,3,3.0,"Narmada Apartment, Alaknanda",20000000
701,1400.0,3,3.0,"Narmada Apartment, Alaknanda carpet area 1400 sqft status Ready to Move floor Ground out of 3 floors transaction Resale furnishing Furnished facing North - East overlooking Garden/Park, Main Road society Narmada Apartment car parking 1 Open bathroom 3 balcony 1 ownership Freehold Near Alaknanda Main Market & Greater Kailash Metro Station. A very good 3 bhk flat for sale in rwa Narmada Apartment, delhi south. It is a superb property and offers an excellent view. The flat is unfurnished. It promises a comfortable stay. It is feng shuivaastu compliant, which is considered to bring positive energy. The appeal of the flat has been increased with the availability of a pipedGa. Indeed, the society too has multiple facilities for enjoyment, such as club housecommunity center and fitness centregym etc. It also has rain water harvesting system. It has a super builtUp area of 180 sq. Yards. read more Contact Agent View Phone No. Share Feedback Agent Sulabh Estate",18000000
702,1400.0,3,2.0,Alaknanda,19000000
703,2700.0,4,4.0,Greater Kailash 4 Nri Colony,36500000
704,1100.0,2,2.0,Alaknanda,15000000
705,1200.0,2,2.0,Alaknanda,17500000
706,1400.0,2,2.0,Alaknanda,14000000
707,1500.0,3,3.0,"Project Gangotri Enclave, Alaknanda",21000000
708,1320.0,3,2.0,Alaknanda,15600000
709,1300.0,3,3.0,"Project Gangotri Enclave, Gangotri Enclave, Alaknanda",19000000
710,1150.0,2,2.0,"Narmada Apartment, Alaknanda",16500000
711,1440.0,3,3.0,Alaknanda,19000000
712,1400.0,2,2.0,"Nilgiri Apartment, Alaknanda",16500000
713,450.0,1,1.0,Alaknanda,3000000
714,1300.0,2,2.0,"Yamuna Apartment, Alaknanda",15000000
715,1200.0,2,2.0,"Nilgiri Apartment, Alaknanda",14300000
716,1300.0,3,2.0,"Nilgiri Apartment, Alaknanda",18500000
717,1400.0,3,3.0,"Tara Apartment, Alaknanda carpet area 1400 sqft status Ready to Move floor 2 out of 3 floors transaction Resale furnishing Furnished facing North - East overlooking Garden/Park society Tara Apartment car parking 1 Covered, 1 Open bathroom 3 balcony 4 ownership Freehold Near Alaknanda Main Market, Jamia Humderd University & Batra hospital. A very good 3 bhk flat for sale in rwa Tara Apartment, delhi south. It is a superb property and offers an excellent view. The flat is unfurnished. It promises a comfortable stay. It is feng shuivaastu compliant, which is considered to bring positive energy. The appeal of the flat has been increased with the availability of a pipedGa. Indeed, the society too has multiple facilities for enjoyment, such as club housecommunity center and fitness centregym etc. It also has rain water harvesting system. It has a super builtUp area of 180 sq. Yards. Other f read more Contact Agent View Phone No. Share Feedback Agent Sulabh Estate",19000000
718,1400.0,3,3.0,Alaknanda,19000000
719,1500.0,3,2.0,other,13500000
720,1600.0,4,2.0,other,15800000
721,1200.0,10,4.0,"DDA Flats Sarita Vihar, Sarita Vihar, Mathura Road",17000000
722,1600.0,4,2.0,other,15500000
723,1250.0,3,2.0,"DDA Flats Sarita Vihar, Sarita Vihar, Mathura Road",16000000
724,950.0,2,2.0,"DDA Flats Sarita Vihar, Sarita Vihar, Mathura Road",12900000
725,1200.0,3,3.0,"DDA Flats Sarita Vihar, Sarita Vihar, Mathura Road",13500000
726,1400.0,4,2.0,"DDA Flats Sarita Vihar, Sarita Vihar, Mathura Road",17800000
727,950.0,2,2.0,"DDA Flats Sarita Vihar, Sarita Vihar, Mathura Road",13200000
728,1350.0,3,3.0,"DDA Flats Sarita Vihar, Sarita Vihar, Mathura Road",14000000
729,1550.0,4,2.0,"DDA Flats Sarita Vihar, Sarita Vihar, Mathura Road",17500000
730,1300.0,3,2.0,"DDA Flats Sarita Vihar, Sarita Vihar, Mathura Road",17000000
731,1000.0,2,2.0,"DDA Flats Sarita Vihar, Sarita Vihar Pocket K",13000000
732,1500.0,3,3.0,"DDA Flats Sarita Vihar, Sarita Vihar Pocket K",17000000
733,950.0,2,2.0,"DDA Flats Sarita Vihar, Sarita Vihar, Mathura Road",12700000
734,1200.0,3,2.0,"DDA Flats Sarita Vihar, Sarita Vihar, Mathura Road",13500000
735,1400.0,4,2.0,"DDA Flats Sarita Vihar, Sarita Vihar, Mathura Road",17400000
736,1500.0,4,2.0,"DDA Flats Sarita Vihar, Sarita Vihar, Mathura Road",17800000
737,1050.0,2,2.0,"DDA Flats Sarita Vihar, Sarita Vihar, Mathura Road",12700000
738,1550.0,4,2.0,"DDA Flats Sarita Vihar, Sarita Vihar, Mathura Road",16200000
739,950.0,2,2.0,"DDA Flats Sarita Vihar, Sarita Vihar, Mathura Road",11100000
740,1150.0,2,2.0,"DDA Flats Sarita Vihar, Sarita Vihar, Mathura Road",13600000
741,1150.0,2,2.0,"DDA Flats Sarita Vihar, Sarita Vihar Pocket K",13100000
742,1150.0,2,2.0,"DDA Flats Sarita Vihar, Sarita Vihar, Mathura Road",12500000
743,1500.0,3,2.0,"DDA Flats Sarita Vihar, Sarita Vihar, Mathura Road",13600000
744,1800.0,4,4.0,"Sidharth Enclave, Kilokri, Ring Road",12000000
745,1300.0,3,3.0,"Sidharth Enclave, Kilokri, Ring Road",20000000
746,1150.0,2,2.0,other,13500000
747,1500.0,3,2.0,other,14000000
748,1150.0,2,2.0,other,10800000
749,900.0,3,2.0,"New Manglapuri, Sultanpur",9000000
750,1150.0,3,2.0,"New Manglapuri, Sultanpur",6300000
751,1000.0,3,3.0,Sultanpur Extension,5500000
752,450.0,1,1.0,"New Manglapuri, Sultanpur",2350000
753,1350.0,3,3.0,Sultanpur,8500000
754,445.0,1,2.0,Sultanpur Extension,1650000
755,1200.0,2,2.0,"Manglapuri, Sultanpur",10000000
756,50.0,1,1.0,"Indra Park Palam, Manglapuri",1500000
757,1100.0,2,2.0,other,2800000
758,700.0,2,2.0,Sultanpur Extension,2600000
759,500.0,1,1.0,"New Manglapuri, Sultanpur",2350000
760,540.0,1,1.0,Sultanpur Extension,2350000
761,450.0,1,1.0,Sultanpur,2000000
762,800.0,2,2.0,Sultanpur,5000000
763,700.0,2,2.0,"New Manglapuri, Sultanpur",3500000
764,750.0,2,2.0,Sultanpur,4500000
765,750.0,2,2.0,Sultanpur,4000000
766,1600.0,3,3.0,"New Manglapuri, Sultanpur",10800000
767,1000.0,3,2.0,"New Manglapuri, Sultanpur",10000000
768,1600.0,3,3.0,"New Manglapuri, Sultanpur",10800000
769,900.0,3,2.0,"Manglapuri, Sultanpur",9000000
770,1700.0,3,3.0,"New Manglapuri, Sultanpur",8500000
771,1100.0,3,2.0,"New Manglapuri, Sultanpur",6000000
772,1000.0,3,3.0,"New Manglapuri, Sultanpur",5500000
773,1000.0,3,2.0,"Manglapuri, Sultanpur",7000000
774,1100.0,3,2.0,Sultanpur,6000000
775,765.0,3,2.0,"Manglapuri, Sultanpur",3700000
776,900.0,2,2.0,"Indra Park Palam, Manglapuri",3100000
777,600.0,2,2.0,Sultanpur,4500000
778,360.0,1,1.0,"Indra Park Palam, Manglapuri",1500000
779,950.0,3,2.0,Chhattarpur,7090000
780,3600.0,2,2.0,other,4500000
781,1305.0,4,3.0,"JVTS Gardens, Chhattarpur",5500000
782,1800.0,3,4.0,Chhattarpur,63000000
783,950.0,3,2.0,Chhattarpur,6990000
784,800.0,2,2.0,Chhattarpur,4400000
785,1800.0,4,4.0,Chhattarpur Enclave Phase2,12500000
786,800.0,2,2.0,Chhattarpur,3000000
787,675.0,2,2.0,Chhattarpur,2800000
788,1175.0,3,3.0,"JVTS Gardens, Chhattarpur",5000000
789,1500.0,3,3.0,Chhattarpur,6000000
790,810.0,2,2.0,Chhattarpur,4500000
791,630.0,2,2.0,Chhattarpur Enclave Phase2,2800000
792,650.0,2,2.0,Chhattarpur,2500000
793,1800.0,4,4.0,Chhattarpur Enclave Phase2,8500000
794,725.0,2,2.0,Chhattarpur,3000000
795,900.0,3,2.0,Chhattarpur,4900000
796,750.0,2,2.0,Chhattarpur,3500000
797,700.0,2,2.0,Chhattarpur Enclave Phase2,3000000
798,950.0,3,2.0,Chhattarpur,7020000
799,1600.0,3,4.0,other,60000000
800,900.0,2,2.0,Chhattarpur,3500000
801,1500.0,3,3.0,Chhattarpur,7000000
802,500.0,2,1.0,Chhattarpur Enclave Phase2,7000000
803,1035.0,3,3.0,Chhattarpur Enclave Phase2,4500000
804,825.0,3,2.0,other,5990000
805,1300.0,3,3.0,Chhattarpur,4400000
806,765.0,2,2.0,Chhattarpur,2500000
807,580.0,1,1.0,Chhattarpur Enclave Phase2,1600000
808,1750.0,3,3.0,Chhattarpur Enclave Phase2,6500000
809,650.0,2,2.0,Mehrauli,2750000
810,405.0,1,1.0,Mehrauli,1500000
811,675.0,2,1.0,Mehrauli,2200000
812,850.0,2,2.0,Mehrauli,2800000
813,800.0,3,3.0,Mehrauli,4500000
814,405.0,1,1.0,Mehrauli,1800000
815,1350.0,3,3.0,Mehrauli,8500000
816,1350.0,3,3.0,Mehrauli,8500000
817,450.0,1,1.0,Mehrauli,1700000
818,1300.0,3,3.0,other,7000000
819,1050.0,3,2.0,Mehrauli,5600000
820,1675.0,4,3.0,Mehrauli,13500000
821,1250.0,3,3.0,Mehrauli,8500000
822,1080.0,3,3.0,Mehrauli,6000000
823,1170.0,3,3.0,"Andheria Mor, Mehrauli",7200000
824,1250.0,3,2.0,other,6500000
825,1500.0,3,3.0,"Andheria Mor, Mehrauli",8400000
826,1350.0,3,3.0,Mehrauli,8500000
827,855.0,2,2.0,Mehrauli,4000000
828,540.0,1,1.0,Mehrauli,1700000
829,1044.0983,3,2.0,Mehrauli,6000000
830,405.0,1,1.0,Mehrauli,1600000
831,500.0,1,2.0,Mehrauli,2100000
832,450.0,1,1.0,Mehrauli,1700000
833,405.0,1,1.0,"Andheria Mor, Mehrauli",1500000
834,405.0,1,1.0,Mehrauli,1200000
835,450.0,1,1.0,other,1650000
836,173.0,2,2.0,Mehrauli,3500000
837,1100.0,3,2.0,Mehrauli,8500000
838,600.0,2,2.0,Mehrauli,3200000
839,800.0,3,2.0,Mahavir Enclave,4400000
840,990.0,4,3.0,Mahavir Enclave Part 1,7200000
841,1100.0,3,2.0,Mahavir Enclave Part 1,7500000
842,1100.0,3,2.0,Mahavir Enclave,6500000
843,527.0,2,2.0,Mahavir Enclave Part 1,3500000
844,1000.0,2,2.0,other,6500000
845,1000.0,3,2.0,Mahavir Enclave Part 1,6200000
846,450.0,1,1.0,Mahavir Enclave Part 1,2500000
847,600.0,2,2.0,Mahavir Enclave,3000000
848,950.0,3,2.0,Mahavir Enclave Part 1,6000000
849,855.0,3,2.0,Mahavir Enclave Part 1,4800000
850,770.0,2,2.0,Mahavir Enclave,3790000
851,810.0,3,2.0,Mahavir Enclave,4200000
852,710.0,2,2.0,Mahavir Enclave,2900000
853,950.0,3,2.0,Mahavir Enclave Part 1,5000000
854,450.0,1,1.0,Mahavir Enclave Part 1,2100000
855,500.0,2,2.0,Mahavir Enclave Part 1,3200000
856,600.0,2,1.0,Mahavir Enclave Part 1,3000000
857,420.0,1,1.0,Mahavir Enclave Part 1,2300000
858,900.0,3,2.0,Mahavir Enclave Part 1,5900000
859,945.0,3,2.0,Mahavir Enclave Part 1,5500000
860,565.0,2,2.0,other,3500000
861,450.0,2,1.0,Mahavir Enclave Part 3,1700000
862,430.0,1,1.0,Mahavir Enclave,1850000
863,550.0,2,2.0,Mahavir Enclave,2300000
864,810.0,3,2.0,Mahavir Enclave,3800000
865,720.0,3,2.0,Mahavir Enclave Part 1,4500000
866,360.0,2,1.0,other,2200000
867,820.0,3,2.0,Mahavir Enclave,5200000
868,459.0,2,2.0,Mahavir Enclave Part 3,2200000
869,378.0,1,2.0,other,1500000
870,450.0,1,1.0,"DDA Flats Pocket 6 Sector A10, Narela",2200000
871,900.0,2,2.0,other,3800000
872,360.0,1,1.0,other,1800000
873,559.7228,2,2.0,Narela,2850000
874,350.0,1,1.0,Narela,2500000
875,365.0,1,1.0,Narela,3500000
876,390.0,1,1.0,"DDA Lig Flats, Narela",2000000
877,350.0,1,1.0,"DDA Flats Pocket 3, Narela",3000000
878,210.0,1,1.0,"DDA Lig Flats, Narela",2000000
879,50.0,1,1.0,"DDA Lig Flats, Narela",3500000
880,500.0,1,1.0,other,1800000
881,350.0,1,1.0,"DDA Lig Flats, Narela",1600000
882,379.0,1,1.0,"DDA Lig Flats, Narela",1600000
883,236.8058,1,1.0,Narela,2000000
884,445.0,1,1.0,other,1500000
885,452.0838,2,1.0,"DDA Flats Pocket 6 Sector A10, Narela",3000000
886,350.0,1,1.0,Narela,1490000
887,437.0,1,1.0,"DDA Lig Flats, Narela",3500000
888,61.0,3,3.0,other,4000000
889,495.0,2,2.0,Narela,1750000
890,900.0,2,2.0,other,4600000
891,350.0,1,1.0,"DDA Lig Flats, Narela",1800000
892,585.0,2,2.0,Narela,1900000
893,198.0,1,1.0,other,1000000
894,4900.0,1,1.0,"DDA Lig Flats, Narela",1000000
895,2077.4327,1,1.0,"DDA Flats Pocket 3, Narela",1000000
896,50.0,1,1.0,"DDA Lig Flats, Narela",3500000
897,990.0,3,2.0,Narela,5000000
898,425.0,1,1.0,Narela,2200000
899,750.0,2,2.0,Malviya Nagar,13000000
900,1400.0,3,3.0,"Shivalik, Malviya Nagar",34000000
901,3600.0,4,4.0,"Geetanjali Enclave, Malviya Nagar",60000000
902,3000.0,4,5.0,"Geetanjali Enclave, Malviya Nagar",74500000
903,2750.0,4,5.0,"Geetanjali Enclave, Malviya Nagar",75000000
904,2050.0,4,4.0,"Geetanjali Enclave, Malviya Nagar",62500000
905,3000.0,4,4.0,"Geetanjali Enclave Project, Geetanjali Enclave, Malviya Nagar",67000000
906,850.0,2,2.0,Malviya Nagar,8500000
907,750.0,2,2.0,Malviya Nagar,11500000
908,2600.0,4,5.0,"Geetanjali Enclave Project, Geetanjali Enclave, Malviya Nagar",52500000
909,800.0,2,2.0,Malviya Nagar,12000000
910,550.0,2,2.0,Malviya Nagar,10700000
911,700.0,2,2.0,Malviya Nagar,9000000
912,2316.0,3,4.0,"Geetanjali Enclave, Malviya Nagar",100000000
913,900.0,3,2.0,"Khirki extension, Malviya Nagar",6200000
914,100.0,3,2.0,Malviya Nagar,17000000
915,900.0,2,3.0,other,12500000
916,1500.0,2,2.0,Malviya Nagar,13000000
917,650.0,3,2.0,"Khirki extension, Malviya Nagar",4200000
918,2000.0,4,4.0,Malviya Nagar,36000000
919,500.0,1,1.0,Malviya Nagar,2300000
920,1125.0,2,2.0,Malviya Nagar,8100000
921,1300.0,3,3.0,Malviya Nagar,10000000
922,2500.0,4,5.0,"Geetanjali Enclave, Malviya Nagar",62500000
923,2200.0,4,5.0,"Geetanjali Enclave, Malviya Nagar",65000000
924,1290.0,3,2.0,Malviya Nagar,20000000
925,2250.0,4,4.0,"Geetanjali Enclave, Malviya Nagar",57500000
926,1350.0,3,3.0,"Shivalik, Malviya Nagar",30000000
927,1400.0,3,3.0,"Shivalik, Malviya Nagar",30000000
928,1700.0,3,3.0,"Shivalik, Malviya Nagar",30000000
929,450.0,1,1.0,"Dilshad Colony, Dilshad Garden",3300000
930,750.0,2,1.0,other,7350000
931,1500.0,4,1.0,other,12500000
932,400.0,1,1.0,"Dilshad Colony, Dilshad Garden",3500000
933,650.0,2,2.0,"Dilshad Colony, Dilshad Garden",6500000
934,900.0,2,2.0,"Dilshad Colony, Dilshad Garden",6900000
935,400.0,1,1.0,"Dilshad Colony, Dilshad Garden",3600000
936,900.0,3,2.0,"Dilshad Colony, Dilshad Garden",13500000
937,1000.0,3,2.0,"DDA Flats Block A, Dilshad Garden",9200000
938,405.0,1,1.0,"Dilshad Colony, Dilshad Garden",2500000
939,1700.0,3,2.0,"DDA Flats Block A, Dilshad Garden",17000000
940,800.0,3,2.0,Dilshad Garden,9030000
941,1076.39,3,2.0,"Dilshad Colony, Dilshad Garden",9300000
942,750.0,2,1.0,other,6500000
943,460.0,2,1.0,"Dilshad Colony, Dilshad Garden",3300000
944,370.0,1,1.0,"Dilshad Colony, Dilshad Garden",2400000
945,1800.0,3,3.0,"Dilshad Colony, Dilshad Garden",15000000
946,1080.0,3,1.0,Dilshad Garden,7000000
947,350.0,1,1.0,other,4200000
948,500.0,2,1.0,Dilshad Garden,5800000
949,900.0,3,2.0,"Dilshad Colony, Dilshad Garden",4800000
950,800.0,2,2.0,"Dilshad Colony, Dilshad Garden",7500000
951,350.0,1,1.0,other,3000000
952,430.556,1,1.0,Dilshad Garden,4300000
953,500.0,1,1.0,"Dilshad Colony, Dilshad Garden",2600000
954,1450.0,2,2.0,Dilshad Garden,7000000
955,800.0,2,2.0,"Dilshad Colony, Dilshad Garden",6000000
956,1000.0,2,2.0,"Dilshad Colony, Dilshad Garden",6700000
957,1000.0,3,3.0,other,9500000
958,1600.0,3,2.0,"DDA Flats Block A, Dilshad Garden",17000000
959,900.0,2,2.0,Vasundhara Enclave,8000000
960,1500.0,3,3.0,Vasundhara Enclave,12000000
961,1050.0,2,2.0,Vasundhara Enclave,9000000
962,1300.0,3,2.0,"Samrat Apartment, Vasundhara Enclave",11500000
963,1600.0,4,3.0,other,20000000
964,900.0,2,2.0,other,8550000
965,1350.0,4,4.0,"Abhimanyu Apartments, Vasundhara Enclave",10500000
966,1000.0,3,2.0,other,12000000
967,1400.0,3,2.0,other,11000000
968,975.0,3,2.0,Vasundhara Enclave,12000000
969,900.0,2,2.0,other,9000000
970,1100.0,2,2.0,Vasundhara Enclave,10000000
971,950.0,2,2.0,Vasundhara Enclave,8100000
972,1300.0,3,3.0,Vasundhara Enclave,9200000
973,1459.0,3,3.0,Vasundhara Enclave,14200000
974,1000.0,2,2.0,"Satyam Apartment, Vasundhara Enclave",7500000
975,1100.0,2,2.0,"Samrat Apartment, Vasundhara Enclave",9500000
976,1450.0,3,2.0,"Satyam Apartment, Vasundhara Enclave",14000000
977,1450.0,3,3.0,"Abhimanyu Apartments, Vasundhara Enclave",11600000
978,1150.0,3,3.0,Vasundhara Enclave,12000000
979,780.0,2,2.0,Vasundhara Enclave,7500000
980,1300.0,3,2.0,other,9800000
981,1350.0,3,3.0,other,12000000
982,1200.0,3,2.0,other,12500000
983,1460.0,3,3.0,other,16500000
984,1460.0,3,3.0,Vasundhara Enclave,12000000
985,1100.0,2,2.0,Vasundhara Enclave,7200000
986,1500.0,3,3.0,other,15000000
987,1050.0,2,2.0,other,10000000
988,1350.0,3,3.0,other,11000000
989,1500.0,2,2.0,"Godrej South Estate, Okhla",24700000
990,976.0,2,2.0,"Godrej South Estate, Okhla",24900000
991,540.0,2,1.0,"Abul Fazal Enclave Part 1, Okhla",3600000
992,450.0,1,1.0,"Batla House, Okhla",1700000
993,900.0,2,2.0,"Sukhdev Vihar, Okhla",11000000
994,2500.0,4,4.0,"Sukhdev Vihar, Okhla",75000000
995,979.5149,2,2.0,"Godrej South Estate, Okhla Phase 1",24800000
996,945.0,2,2.0,"Godrej South Estate, Okhla Phase 1",24900000
997,976.0,2,2.0,"Godrej South Estate, Okhla Phase 1",24900000
998,1531.0,2,2.0,"Godrej South Estate, Okhla",25900000
999,1000.0,2,2.0,"Sukhdev Vihar, Okhla",11700000
1000,750.0,3,2.0,"Sukhdev Vihar, Okhla",13500000
1001,900.0,3,2.0,"Abul Fazal Enclave Part-II, Okhla",5500000
1002,1512.0,2,2.0,"Godrej South Estate, Okhla",30000000
1003,35.0,3,2.0,"Abul Fazal Enclave Part 1, Okhla",4950000
1004,1500.0,3,2.0,"Sukhdev Vihar, Okhla",16000000
1005,2907.0,4,4.0,"Sukhdev Vihar, Okhla",30000000
1006,2210.0,4,3.0,"Sukhdev Vihar, Okhla",41000000
1007,750.0,2,2.0,"Abul Fazal Enclave Part-II, Okhla",3800000
1008,2518.7526,4,5.0,"Godrej South Estate, Okhla Phase 1",68900000
1009,588.0,2,2.0,other,1800000
1010,540.0,2,1.0,other,1500000
1011,1100.0,3,3.0,"Sukhdev Vihar, Okhla",12500000
1012,550.0,2,1.0,"Batla House, Okhla",1600000
1013,750.0,3,2.0,other,2400000
1014,1260.0,3,2.0,"Abul Fazal Enclave Part 1, Okhla",7000000
1015,675.0,2,2.0,"Abul Fazal Enclave Part-II, Okhla",3100000
1016,810.0,2,2.0,"Sukhdev Vihar, Okhla",14500000
1017,3150.0,4,5.0,"Sukhdev Vihar, Okhla",61500000
1018,2000.0,4,4.0,"Sukhdev Vihar, Okhla",27500000
1019,1775.0,3,3.0,"The Amaryllis, Karol Bagh",25500000
1020,1135.0,3,3.0,"The Amaryllis, Karol Bagh",25000000
1021,1252.0,2,2.0,"The Amaryllis, Karol Bagh",18500000
1022,2000.0,4,4.0,"The Amaryllis, Karol Bagh",39700000
1023,530.0,4,1.0,"Dev Nagar, Karol Bagh",6800000
1024,1332.0,3,2.0,other,6540000
1025,1017.0,3,3.0,"The Amaryllis, Karol Bagh",22000000
1026,1775.0,3,3.0,"The Amaryllis, Karol Bagh",25500000
1027,987.0,2,2.0,"The Amaryllis, Karol Bagh",17000000
1028,1912.0,3,3.0,"The Amaryllis, Karol Bagh",27500000
1029,5236.0,5,7.0,"The Amaryllis, Karol Bagh",73700000
1030,2805.0,4,4.0,"The Amaryllis, Karol Bagh",52300000
1031,1500.0,3,3.0,other,16000000
1032,1280.0,3,3.0,Karol Bagh,15000000
1033,1775.0,3,3.0,"The Amaryllis, Karol Bagh",25500000
1034,675.0,2,2.0,Karol Bagh,10000000
1035,576.0,2,2.0,other,5000000
1036,1206.0,3,3.0,Karol Bagh,20000000
1037,1143.0,2,2.0,"DDA MIG Flats Prasad Nagar Phase 2, Prasad Nagar, Karol Bagh",16000000
1038,345.0,1,1.0,Karol Bagh,5500000
1039,720.0,2,1.0,"Dev Nagar, Karol Bagh",7000000
1040,468.0,2,2.0,Karol Bagh,4100000
1041,1600.0,3,3.0,other,24000000
1042,950.0,2,2.0,"DDA MIG Flats Prasad Nagar Phase 2, Prasad Nagar, Karol Bagh",12500000
1043,535.0,2,1.0,"Dev Nagar, Karol Bagh",3900000
1044,1200.0,3,2.0,Karol Bagh,14500000
1045,1501.0,3,2.0,"The Amaryllis, Karol Bagh",20000000
1046,1135.0,3,3.0,"The Amaryllis, Karol Bagh",24500000
1047,1200.0,3,2.0,"The Amaryllis, Karol Bagh",20900000
1048,2200.0,3,3.0,"The Amaryllis, Karol Bagh",43100000
1049,1240.0,3,3.0,"DLF Capital Greens, Moti Nagar, Kirti Nagar ( 1 km from New Moti Nagar, Kirti Nagar)",18000000
1050,3002.0,4,5.0,"DLF Capital Greens, New Moti Nagar, Kirti Nagar",50000000
1051,1350.0,3,2.0,"New Moti Nagar, Kirti Nagar",18500000
1052,2300.0,4,5.0,"New Moti Nagar, Kirti Nagar",46500000
1053,1429.0,3,3.0,"New Moti Nagar, Kirti Nagar",17500000
1054,2430.0,4,5.0,"New Moti Nagar, Kirti Nagar",42500000
1055,1450.0,3,3.0,"DLF Capital Greens, New Moti Nagar, Kirti Nagar",15500000
1056,1250.0,2,2.0,"DLF Capital Greens, New Moti Nagar, Kirti Nagar",15000000
1057,2800.0,4,4.0,"DLF Capital Greens, New Moti Nagar, Kirti Nagar",40000000
1058,1646.0,3,3.0,"DLF Capital Greens, New Moti Nagar, Kirti Nagar",20000000
1059,900.0,2,2.0,"New Moti Nagar, Kirti Nagar",6700000
1060,1250.0,3,2.0,"DLF Capital Greens, New Moti Nagar, Kirti Nagar",16000000
1061,900.0,3,2.0,"New Moti Nagar, Kirti Nagar",8000000
1062,1590.0,3,2.0,"DLF Capital Greens, New Moti Nagar, Kirti Nagar",25000000
1063,990.0,3,2.0,"New Moti Nagar, Kirti Nagar",25000000
1064,2282.0,4,5.0,"DLF Capital Greens, New Moti Nagar, Kirti Nagar",37500000
1065,1260.0,3,3.0,"DLF Capital Greens, New Moti Nagar, Kirti Nagar",25000000
1066,1457.0,3,3.0,"New Moti Nagar, Kirti Nagar",23000000
1067,1400.0,3,2.0,"New Moti Nagar, Kirti Nagar",17500000
1068,2175.0,4,4.0,"DLF Capital Greens, Moti Nagar, Kirti Nagar ( 1 km from New Moti Nagar, Kirti Nagar)",44000000
1069,1450.0,3,3.0,"DLF Capital Greens, New Moti Nagar, Kirti Nagar",15000000
1070,2800.0,4,5.0,"DLF Capital Greens, New Moti Nagar, Kirti Nagar",42500000
1071,861.112,2,2.0,"New Moti Nagar, Kirti Nagar",5000000
1072,2282.0,4,5.0,"DLF Capital Greens, New Moti Nagar, Kirti Nagar",38000000
1073,1753.0,3,3.0,"DLF Capital Greens, New Moti Nagar, Kirti Nagar",19000000
1074,2659.0,4,5.0,"New Moti Nagar, Kirti Nagar",43500000
1075,1550.0,3,2.0,"New Moti Nagar, Kirti Nagar",19500000
1076,1470.0,3,2.0,"DLF Capital Greens, New Moti Nagar, Kirti Nagar",14200000
1077,702.0,3,2.0,"New Moti Nagar, Kirti Nagar",14200000
1078,1138.0,2,2.0,"New Moti Nagar, Kirti Nagar",13500000
1079,1600.0,3,3.0,Sheikh Sarai Phase 1,21000000
1080,1600.0,3,3.0,Sheikh Sarai Phase 1,22500000
1081,1250.0,2,4.0,other,19000000
1082,810.0,3,2.0,Sheikh Sarai Phase 2,7500000
1083,585.0,2,2.0,"Savitri Nagar Village, Sheikh Sarai",4000000
1084,1700.0,3,3.0,"Savitri Nagar Village, Sheikh Sarai",8000000
1085,1800.0,3,4.0,Sheikh Sarai Phase 1,19000000
1086,600.0,1,1.0,Sheikh Sarai Phase 2,7000000
1087,1250.0,3,3.0,"Panchsheel Vihar, Sheikh Sarai",5800000
1088,600.0,3,2.0,"Savitri Nagar Village, Sheikh Sarai",8000000
1089,1600.0,3,4.0,Sheikh Sarai Phase 1,18800000
1090,1100.0,3,2.0,"Panchsheel Vihar, Sheikh Sarai",6000000
1091,450.0,1,1.0,"Panchsheel Vihar, Sheikh Sarai",2200000
1092,855.0,3,2.0,"Savitri Nagar Village, Sheikh Sarai",6500000
1093,1291.668,3,2.0,Sheikh Sarai Phase 1,23500000
1094,1300.0,2,2.0,Sheikh Sarai Phase 1,16000000
1095,1350.0,3,3.0,Sheikh Sarai Phase 1,20000000
1096,900.0,2,2.0,Sheikh Sarai Phase 1,5500000
1097,850.0,2,2.0,Sheikh Sarai Phase 1,13500000
1098,1650.0,3,3.0,Sheikh Sarai Phase 1,22500000
1099,650.0,2,2.0,"Panchsheel Vihar, Sheikh Sarai",3800000
1100,630.0,2,2.0,other,4600000
1101,1250.0,2,1.0,Sheikh Sarai Phase 1,17500000
1102,1800.0,4,3.0,"Panchsheel Vihar, Sheikh Sarai",5500000
1103,1500.0,3,3.0,Sheikh Sarai Phase 1,22500000
1104,1100.0,2,2.0,Sheikh Sarai Phase 1,12500000
1105,1400.0,3,2.0,Sheikh Sarai Phase 1,19000000
1106,1300.0,2,2.0,Sheikh Sarai Phase 1,15500000
1107,1100.0,2,2.0,Sheikh Sarai Phase 1,13500000
1108,1600.0,3,3.0,Sheikh Sarai Phase 1,21000000
1109,2250.0,4,4.0,"Punjabi Bagh Enclave, Punjabi Bagh West",50000000
1110,2592.0,4,3.0,Punjabi Bagh,42500000
1111,1800.0,4,4.0,Punjabi Bagh West,45500000
1112,1700.0,3,3.0,Punjabi Bagh,23000000
1113,1640.0,3,3.0,Punjabi Bagh West,12000000
1114,2572.0,3,3.0,Punjabi Bagh West,35000000
1115,2100.0,3,3.0,other,25000000
1116,1620.0,3,3.0,"Punjabi Bagh Extension, Punjabi Bagh",29000000
1117,2500.0,4,4.0,Punjabi Bagh West,80000000
1118,2250.0,3,3.0,Punjabi Bagh West,20500000
1119,2445.0,4,4.0,other,52500000
1120,2250.0,4,4.0,Punjabi Bagh,37500000
1121,800.0,2,2.0,"Punjabi Bagh Enclave, Punjabi Bagh West",7500000
1122,1450.0,3,3.0,other,32500000
1123,1440.0,3,3.0,"Punjabi Bagh Extension, Punjabi Bagh",24500000
1124,5220.0,5,5.0,Punjabi Bagh West,65000000
1125,1800.0,3,3.0,Punjabi Bagh,27500000
1126,4455.0,5,5.0,Punjabi Bagh West,115000000
1127,195.0,3,3.0,"Punjabi Bagh Extension, Punjabi Bagh",28000000
1128,807.2925,2,1.0,"Punjabi Bagh Extension, Punjabi Bagh",8000000
1129,3500.0,4,4.0,Punjabi Bagh West,75100000
1130,1000.0,2,2.0,other,7800000
1131,900.0,2,2.0,"Bhagwan Das Nagar, Punjabi Bagh",15000000
1132,1800.0,3,3.0,Punjabi Bagh East,27500000
1133,17010.0,3,3.0,Punjabi Bagh West,25000000
1134,2340.0,4,4.0,Punjabi Bagh East,26000000
1135,1350.0,3,3.0,Punjabi Bagh East,23500000
1136,464.0,3,1.0,"Bhagwan Das Nagar, Punjabi Bagh",4200000
1137,954.0,2,2.0,Punjabi Bagh East,10000000
1138,1155.0,2,2.0,other,18500000
1139,700.0,2,2.0,Alaknanda,16500000
1140,980.0,2,2.0,"Shivalik Apartments, Alaknanda",13800000
1141,1350.0,3,3.0,"Narmada Apartment, Alaknanda",21000000
1142,1800.0,3,3.0,"Gangotri Enclave, Alaknanda",22500000
1143,968.751,2,2.0,"Aravali Apartments, Alaknanda",15000000
1144,1250.0,3,3.0,"Narmada Apartment, Alaknanda",20000000
1145,1800.0,3,3.0,"Aravali Apartments, Alaknanda",20000000
1146,1400.0,3,2.0,"Shivalik Apartments, Alaknanda",26000000
1147,1000.0,3,3.0,"Narmada Apartment, Alaknanda",19500000
1148,1800.0,4,2.0,"Tara Apartment, Alaknanda",21500000
1149,1500.0,3,3.0,Alaknanda,26500000
1150,1600.0,3,3.0,"Narmada Apartment, Alaknanda",20000000
1151,1400.0,3,3.0,"Narmada Apartment, Alaknanda carpet area 1400 sqft status Ready to Move floor Ground out of 3 floors transaction Resale furnishing Furnished facing North - East overlooking Garden/Park, Main Road society Narmada Apartment car parking 1 Open bathroom 3 balcony 1 ownership Freehold Near Alaknanda Main Market & Greater Kailash Metro Station. A very good 3 bhk flat for sale in rwa Narmada Apartment, delhi south. It is a superb property and offers an excellent view. The flat is unfurnished. It promises a comfortable stay. It is feng shuivaastu compliant, which is considered to bring positive energy. The appeal of the flat has been increased with the availability of a pipedGa. Indeed, the society too has multiple facilities for enjoyment, such as club housecommunity center and fitness centregym etc. It also has rain water harvesting system. It has a super builtUp area of 180 sq. Yards. read more Contact Agent View Phone No. Share Feedback Agent Sulabh Estate",18000000
1152,1400.0,3,2.0,Alaknanda,19000000
1153,2700.0,4,4.0,Greater Kailash 4 Nri Colony,36500000
1154,1100.0,2,2.0,Alaknanda,15000000
1155,1200.0,2,2.0,Alaknanda,17500000
1156,1400.0,2,2.0,Alaknanda,14000000
1157,1500.0,3,3.0,"Project Gangotri Enclave, Alaknanda",21000000
1158,1320.0,3,2.0,Alaknanda,15600000
1159,1300.0,3,3.0,"Project Gangotri Enclave, Gangotri Enclave, Alaknanda",19000000
1160,1150.0,2,2.0,"Narmada Apartment, Alaknanda",16500000
1161,1440.0,3,3.0,Alaknanda,19000000
1162,1400.0,2,2.0,"Nilgiri Apartment, Alaknanda",16500000
1163,450.0,1,1.0,Alaknanda,3000000
1164,1300.0,2,2.0,"Yamuna Apartment, Alaknanda",15000000
1165,1200.0,2,2.0,"Nilgiri Apartment, Alaknanda",14300000
1166,1300.0,3,2.0,"Nilgiri Apartment, Alaknanda",18500000
1167,1400.0,3,3.0,"Tara Apartment, Alaknanda carpet area 1400 sqft status Ready to Move floor 2 out of 3 floors transaction Resale furnishing Furnished facing North - East overlooking Garden/Park society Tara Apartment car parking 1 Covered, 1 Open bathroom 3 balcony 4 ownership Freehold Near Alaknanda Main Market, Jamia Humderd University & Batra hospital. A very good 3 bhk flat for sale in rwa Tara Apartment, delhi south. It is a superb property and offers an excellent view. The flat is unfurnished. It promises a comfortable stay. It is feng shuivaastu compliant, which is considered to bring positive energy. The appeal of the flat has been increased with the availability of a pipedGa. Indeed, the society too has multiple facilities for enjoyment, such as club housecommunity center and fitness centregym etc. It also has rain water harvesting system. It has a super builtUp area of 180 sq. Yards. Other f read more Contact Agent View Phone No. Share Feedback Agent Sulabh Estate",19000000
1168,1400.0,3,3.0,Alaknanda,19000000
1169,500.0,2,2.0,"Govindpuri Extension, Kalkaji",3300000
1170,700.0,2,2.0,"Govindpuri Extension, Kalkaji",3800000
1171,900.0,3,3.0,"Govindpuri Extension, Kalkaji",7000000
1172,1260.0,3,3.0,Kalkaji,16500000
1173,950.0,3,2.0,"Govindpuri Extension, Kalkaji",8000000
1174,405.0,1,1.0,other,5600000
1175,1800.0,2,2.0,Kalkaji,21000000
1176,1300.0,3,3.0,Kalkaji,21000000
1177,1000.0,3,3.0,"Govindpuri Extension, Kalkaji",8600000
1178,900.0,3,2.0,other,6600000
1179,1800.0,3,3.0,"Govindpuri Extension, Kalkaji",14000000
1180,720.0,2,2.0,"Govindpuri Extension, Kalkaji",4700000
1181,1485.0,3,3.0,other,30000000
1182,1600.0,3,3.0,Kalkaji,26000000
1183,1200.0,2,2.0,"Deshbandhu Apartments, Kalkaji",18500000
1184,900.0,2,2.0,other,6500000
1185,900.0,2,2.0,Kalkaji,15000000
1186,800.0,2,2.0,other,8000000
1187,1150.0,2,3.0,"Deshbandhu Apartments, Kalkaji",16100000
1188,900.0,3,3.0,"Govindpuri Extension, Kalkaji",6800000
1189,1070.0,3,2.0,Kalkaji Extention,6800000
1190,1050.0,2,2.0,Kalkaji Extention,9000000
1191,1000.0,2,2.0,other,18000000
1192,1550.0,3,3.0,other,27500000
1193,1300.0,3,2.0,other,13500000
1194,810.0,2,2.0,Kalkaji,14000000
1195,900.0,2,2.0,Kalkaji,9000000
1196,1200.0,2,2.0,"Deshbandhu Apartments, Kalkaji",16000000
1197,1000.0,2,3.0,Kalkaji Extention,11000000
1198,720.0,2,2.0,"Govindpuri Extension, Kalkaji",5500000
1199,2520.0,3,3.0,Hauz Khas,47500000
1200,1700.0,3,4.0,Hauz Khas,45000000
1201,1800.0,3,3.0,Hauz Khas,43500000
1202,6000.0,5,5.0,other,180000000
1203,1800.0,4,4.0,Hauz Khas,80000000
1204,2000.0,3,3.0,"Sarva Priya Apartment, Hauz Khas",37500000
1205,2066.0,4,4.0,Hauz Khas,60000000
1206,2050.0,3,3.0,"Hauz Khas Enclave, Hauz Khas",71000000
1207,1100.0,3,3.0,"Safdarjung Development Area, Hauz Khas",18500000
1208,4500.0,4,4.0,Hauz Khas,70000000
1209,4500.0,4,5.0,"Hauz Khas Enclave, Hauz Khas",85000000
1210,6500.0,4,5.0,other,190000000
1211,4350.0,4,6.0,other,135000000
1212,1750.0,3,3.0,Hauz Khas,35000000
1213,3600.0,4,4.0,"Safdarjung Development Area, Hauz Khas",65000000
1214,1200.0,2,2.0,"Hauz Khas Enclave, Hauz Khas",27500000
1215,1500.0,3,4.0,Hauz Khas,45000000
1216,2250.0,4,4.0,"Hauz Khas Enclave, Hauz Khas",100000000
1217,1800.0,3,4.0,Hauz Khas,47000000
1218,1600.0,3,4.0,Hauz Khas,27500000
1219,2800.0,4,5.0,Hauz Khas,70000000
1220,1700.0,3,3.0,other,36500000
1221,2400.0,4,5.0,"Hauz Khas Enclave, Hauz Khas",65000000
1222,1980.0,3,4.0,"Sarva Priya Apartment, Hauz Khas",35000000
1223,2100.0,4,5.0,"Hauz Khas Enclave, Hauz Khas",56000000
1224,5400.0,4,4.0,"Hauz Khas Enclave, Hauz Khas",110000000
1225,1250.0,3,3.0,"Safdarjung Development Area, Hauz Khas",24000000
1226,2300.0,4,4.0,Hauz Khas,102500000
1227,2700.0,4,4.0,"Hauz Khas Enclave, Hauz Khas",100000000
1228,1450.0,3,3.0,"Safdarjung Development Area, Hauz Khas",45000000
1229,2097.0,3,3.0,Chittaranjan Park,29000000
1230,1250.0,3,3.0,other,25500000
1231,1600.0,3,3.0,Chittaranjan Park,33500000
1232,2600.0,4,5.0,Chittaranjan Park,62500000
1233,1700.0,3,3.0,Chittaranjan Park,47500000
1234,1116.0,3,3.0,Chittaranjan Park,14700000
1235,1070.0,2,3.0,Chittaranjan Park,18000000
1236,1200.0,3,3.0,Chittaranjan Park,22500000
1237,1200.0,3,3.0,Chittaranjan Park,22000000
1238,1200.0,3,3.0,other,22200000
1239,1450.0,3,3.0,Chittaranjan Park,22500000
1240,1000.0,2,2.0,Chittaranjan Park,7500000
1241,2430.0,4,4.0,other,30000000
1242,945.0,2,1.0,Chittaranjan Park,6500000
1243,1650.0,3,3.0,Chittaranjan Park,35000000
1244,1350.0,3,2.0,"Nehru Enclave, Kalkaji",17500000
1245,2625.0,4,5.0,Chittaranjan Park,60000000
1246,1800.0,4,4.0,Chittaranjan Park,40000000
1247,125.0,3,3.0,Chittaranjan Park,11500000
1248,1440.0,3,3.0,Chittaranjan Park,22500000
1249,1900.0,3,4.0,Chittaranjan Park,28500000
1250,1800.0,3,3.0,Chittaranjan Park,29000000
1251,1200.0,3,2.0,Chittaranjan Park,15500000
1252,1800.0,3,3.0,"Nehru Enclave, Kalkaji",26000000
1253,1200.0,3,3.0,Chittaranjan Park,16500000
1254,4118.0,4,5.0,Chittaranjan Park,55000000
1255,1050.0,3,2.0,Chittaranjan Park,12500000
1256,875.0,3,3.0,Chittaranjan Park,17500000
1257,990.0,2,2.0,other,11500000
1258,11050.0,3,3.0,Chittaranjan Park,18500000
